{
  "efficientnetb0": {
    "accuracy": 0.8637820512820513,
    "auc": 0.9208744247205786
  },
  "resnet50v2": {
    "accuracy": 0.8461538461538461,
    "auc": 0.9454963839579225
  },
  "densenet121": {
    "accuracy": 0.8701923076923077,
    "auc": 0.9574841113302651
  },
  "vgg16": {
    "accuracy": 0.8237179487179487,
    "auc": 0.9429158448389218
  },
  "mobilenetv2": {
    "accuracy": 0.6330128205128205,
    "auc": 0.8459675651983345
  },
  "efficientnetb0__densenet121": {
    "accuracy": 0.8846153846153846,
    "auc": 0.947172912557528
  },
  "resnet50v2__densenet121": {
    "accuracy": 0.8685897435897436,
    "auc": 0.9579114617576157
  },
  "efficientnetb0__resnet50v2": {
    "accuracy": 0.8782051282051282,
    "auc": 0.9433486741179049
  },
  "efficientnetb0__vgg16": {
    "accuracy": 0.8557692307692307,
    "auc": 0.9401051939513477
  },
  "densenet121__vgg16": {
    "accuracy": 0.8509615384615384,
    "auc": 0.9585689239535393
  }
}